"gene_ID","functional_annoation","Module"
"CRO-01G000520","Leucine-rich receptor-like protein kinase family protein","IPAP"
"CRO-01G002180","beta galactosidase","IPAP"
"CRO-01G003410","hypothetical protein","IPAP"
"CRO-01G004880","Tetratricopeptide repeat (TPR)-like superfamily protein","IPAP"
"CRO-01G005980","glycosyl hydrolase family 81 protein","IPAP"
"CRO-01G006110","TCP family transcription factor","IPAP"
"CRO-01G006740","methyl esterase","IPAP"
"CRO-01G006750","cytochrome P450, family 76, subfamily C, polypeptide","IPAP"
"CRO-01G009470","ROP interactive partner","IPAP"
"CRO-01G010020","4-hydroxy-3-methylbut-2-enyl diphosphate synthase","IPAP"
"CRO-01G016560","apyrase","IPAP"
"CRO-01G018100","myo-inositol monophosphatase like","IPAP"
"CRO-01G025530","Myb/SANT-like DNA-binding domain containing protein","IPAP"
"CRO-01G027010","GroES-like zinc-binding dehydrogenase family protein","IPAP"
"CRO-01G027020","aspartate aminotransferase","IPAP"
"CRO-01G029710","nuclear factor Y, subunit A8","IPAP"
"CRO-01G030480","Di-glucose binding protein with Kinesin motor domain","IPAP"
"CRO-01G030490","aldehyde dehydrogenase  6B2","IPAP"
"CRO-01G030540","Deoxyxylulose-5-phosphate synthase","IPAP"
"CRO-01G031090","phosphofructokinase","IPAP"
"CRO-01G032400","elicitor-activated gene 3-1","IPAP"
"CRO-02G002830","Amino acid permease family protein","IPAP"
"CRO-02G003890","strictosidine synthase","IPAP"
"CRO-02G005470","Deoxyxylulose-5-phosphate synthase","IPAP"
"CRO-02G013750","PADRE domain containing protein","IPAP"
"CRO-02G019960","basic helix-loop-helix (bHLH) DNA-binding superfamily protein","IPAP"
"CRO-02G025970","Glutathione S-transferase family protein","IPAP"
"CRO-02G027430","cysteine-rich RLK (RECEPTOR-like protein kinase)","IPAP"
"CRO-02G029310","glucose-6-phosphate dehydrogenase","IPAP"
"CRO-03G003420","Leucine-rich repeat protein kinase family protein","IPAP"
"CRO-03G004260","RING/U-box superfamily protein","IPAP"
"CRO-03G004950","cytochrome P450, family 76, subfamily G, polypeptide","IPAP"
"CRO-03G005030","Nucleotide-diphospho-sugar transferases superfamily protein","IPAP"
"CRO-03G009460","NAD(P)-binding Rossmann-fold superfamily protein","IPAP"
"CRO-03G014060","Protein of unknown function (DUF3411)","IPAP"
"CRO-03G016570","MATE efflux family protein","IPAP"
"CRO-03G018360","cytochrome P450, family 72, subfamily A, polypeptide","IPAP"
"CRO-03G019810","xyloglucan endotransglucosylase/hydrolase","IPAP"
"CRO-03G019930","K-box region and MADS-box transcription factor family protein","IPAP"
"CRO-03G021970","Reticulon family protein","IPAP"
"CRO-03G024460","UDP-Glycosyltransferase superfamily protein","IPAP"
"CRO-03G027950","2-oxoglutarate (2OG) and Fe(II)-dependent oxygenase superfamily protein","IPAP"
"CRO-03G029030","SNF1-related protein kinase regulatory subunit gamma","IPAP"
"CRO-03G029040","Glucose-1-phosphate adenylyltransferase family protein","IPAP"
"CRO-03G031540","hypothetical protein","IPAP"
"CRO-03G031560","terpene synthase","IPAP"
"CRO-03G032160","conserved hypothetical protein","IPAP"
"CRO-03G032170","glucose-6-phosphate/phosphate translocator","IPAP"
"CRO-04G003090","conserved hypothetical protein","IPAP"
"CRO-04G004200","cytochrome B5 isoform B","IPAP"
"CRO-04G004220","PADRE domain containing protein","IPAP"
"CRO-04G009700","aldehyde dehydrogenase 2C4","IPAP"
"CRO-04G012590","Putative lysine decarboxylase family protein","IPAP"
"CRO-04G016630","C2H2-type zinc finger family protein","IPAP"
"CRO-04G020340","Patatin-like phospholipase family protein","IPAP"
"CRO-04G020370","hypothetical protein","IPAP"
"CRO-04G021900","conserved hypothetical protein","IPAP"
"CRO-04G022500","Pectin lyase-like superfamily protein","IPAP"
"CRO-04G024660","1-deoxy-D-xylulose 5-phosphate reductoisomerase","IPAP"
"CRO-04G031560","ADP-ribosylation factor family protein","IPAP"
"CRO-05G001760","geranylgeranyl reductase","IPAP"
"CRO-05G004090","conserved hypothetical protein","IPAP"
"CRO-05G004100","Tetratricopeptide repeat (TPR)-like superfamily protein","IPAP"
"CRO-05G006880","oxophytodienoate-reductase","IPAP"
"CRO-05G007480","jasmonate-zim-domain protein","IPAP"
"CRO-05G008480","ZIP metal ion transporter family","IPAP"
"CRO-05G011710","4-(cytidine 5'-phospho)-2-C-methyl-D-erithritol kinase","IPAP"
"CRO-05G012040","Protein of unknown function (DUF760)","IPAP"
"CRO-05G016350","TSL-kinase interacting protein","IPAP"
"CRO-05G020030","NAC (No Apical Meristem) domain transcriptional regulator superfamily protein","IPAP"
"CRO-05G022290","conserved hypothetical protein","IPAP"
"CRO-05G028800","UDP-Glycosyltransferase superfamily protein","IPAP"
"CRO-05G028810","UDP-Glycosyltransferase superfamily protein","IPAP"
"CRO-05G029380","Phosphoinositide-specific phospholipase C family protein","IPAP"
"CRO-05G030370","HMG-box (high mobility group) DNA-binding family protein","IPAP"
"CRO-05G033040","AGAMOUS-like","IPAP"
"CRO-06G000540","NADP-malic enzyme","IPAP"
"CRO-06G003880","Ras-related small GTP-binding family protein","IPAP"
"CRO-06G008140","Calcium-binding EF-hand family protein","IPAP"
"CRO-06G012800","myb domain protein","IPAP"
"CRO-06G016970","isopentenyl diphosphate isomerase","IPAP"
"CRO-06G020060","GroES-like zinc-binding dehydrogenase family protein","IPAP"
"CRO-06G020220","Hyccin domain containing protein","IPAP"
"CRO-06G022530","2-oxoglutarate (2OG) and Fe(II)-dependent oxygenase superfamily protein","IPAP"
"CRO-06G023730","ARM repeat superfamily protein","IPAP"
"CRO-06G024870","ferrochelatase","IPAP"
"CRO-06G028420","Phosphoribosyltransferase family protein","IPAP"
"CRO-06G028970","WRKY family transcription factor","IPAP"
"CRO-06G033680","cytochrome B5 isoform E","IPAP"
"CRO-07G000320","Polyketide cyclase/dehydrase and lipid transport superfamily protein","IPAP"
"CRO-07G000570","NAC domain containing protein","IPAP"
"CRO-07G003540","protein binding","IPAP"
"CRO-07G005430","isoprenoid F","IPAP"
"CRO-07G007670","NAD(P)-binding Rossmann-fold superfamily protein","IPAP"
"CRO-07G007680","NAD(P)-binding Rossmann-fold superfamily protein","IPAP"
"CRO-07G010360","Cupredoxin superfamily protein","IPAP"
"CRO-07G011150","VQ motif-containing protein","IPAP"
"CRO-07G011980","Phosphoglycerate mutase family protein","IPAP"
"CRO-07G021290","myb domain protein","IPAP"
"CRO-07G022300","squamosa promoter binding protein-like","IPAP"
"CRO-08G009650","AAA domain containing protein","IPAP"
"CRO-08G009970","bromodomain","IPAP"
"CRO-08G012580","transcription factor-related","IPAP"
"CRO-08G013630","2-oxoglutarate (2OG) and Fe(II)-dependent oxygenase superfamily protein","IPAP"
"CRO-08G015350","plastidic pyruvate kinase beta subunit","IPAP"
"CRO-08G017150","Nucleotide-diphospho-sugar transferases superfamily protein","IPAP"
"CRO-08G019970","hypothetical protein","IPAP"
"CRO-08G020500","basic helix-loop-helix (bHLH) DNA-binding superfamily protein","IPAP"
"CRO-05G008250","Leucine-rich repeat (LRR) family protein","IPAP"
"CRO-08G020510","basic helix-loop-helix (bHLH) DNA-binding superfamily protein","IPAP"
"CRO.S002960.1","Phototropic-responsive NPH3 family protein","IPAP"
"CRO-06G031590","Calcium-dependent lipid-binding (CaLB domain) family protein","IPAP"
"CRO.S000680.1","hypothetical protein","IPAP"
"CRO-07G008850","beta HLH protein","IPAP"
"CRO.S004240.1","hypothetical protein","IPAP"
"CRO-06G000120","RHO guanyl-nucleotide exchange factor","IPAP"
"CRO.S005070.1","RNA polymerase subunit alpha","IPAP"
"CRO-05G010990","P-glycoprotein","IPAP"
